{
  "/html[1]/body[1]/div[1]/main[1]/div[1]/section[7]/div[2]/div[1]/div[1]/div[2]/div[2]/div[1]/div[1]/a[1]": {
    "currentElement": {
      "domRect": {
        "x": 558,
        "y": 228.109375,
        "width": 237.59375,
        "height": 346.484375,
        "top": 228.109375,
        "right": 795.59375,
        "bottom": 574.59375,
        "left": 558
      },
      "windowX": 0,
      "windowY": 3569
    },
    "previousElement": {
      "domRect": {
        "x": 1260.171875,
        "y": 572.5859375,
        "width": 215.828125,
        "height": 39.2421875,
        "top": 572.5859375,
        "right": 1476,
        "bottom": 611.828125,
        "left": 1260.171875
      },
      "windowX": 0,
      "windowY": 3569
    }
  },
  "/html[1]/body[1]/div[1]/main[1]/div[1]/section[9]/div[2]/div[1]/div[1]/div[2]/div[2]/div[1]/div[1]/a[1]": {
    "currentElement": {
      "domRect": {
        "x": 558,
        "y": 251.6640625,
        "width": 270,
        "height": 382.375,
        "top": 251.6640625,
        "right": 828,
        "bottom": 634.0390625,
        "left": 558
      },
      "windowX": 0,
      "windowY": 4647.5
    },
    "previousElement": {
      "domRect": {
        "x": 1260.171875,
        "y": 572.4921875,
        "width": 215.828125,
        "height": 39.2421875,
        "top": 572.4921875,
        "right": 1476,
        "bottom": 611.734375,
        "left": 1260.171875
      },
      "windowX": 0,
      "windowY": 4647.5
    }
  }
}